"RowID","Username","LoginTS"
"1","card49a@gmail.com",1736071960
"2","card49a@gmail.com",1736455163
"3","card49a@gmail.com",1736837573
"4","card49a@gmail.com",1737220201
"5","card49a@gmail.com",1737602912
"6","card49a@gmail.com",1737985237
"7","card49a@gmail.com",1738367599
"8","button76@outlook.com",1735868444
"9","button76@outlook.com",1736047137
"10","button76@outlook.com",1736225254
"11","button76@outlook.com",1736403592
"12","button76@outlook.com",1736582318
"13","button76@outlook.com",1736761081
"14","button76@outlook.com",1736939716
"15","button76@outlook.com",1737118336
"16","button76@outlook.com",1737296952
"17","button76@outlook.com",1737475059
"18","button76@outlook.com",1737653800
"19","button76@outlook.com",1737832036
"20","button76@outlook.com",1738011273
"21","button76@outlook.com",1738189442
"22","button76@outlook.com",1738368475
"23","long.65.morning@icloud.com",1735785440
"24","long.65.morning@icloud.com",1735880753
"25","long.65.morning@icloud.com",1735977036
"26","long.65.morning@icloud.com",1736072646
"27","long.65.morning@icloud.com",1736167903
"28","long.65.morning@icloud.com",1736263426
"29","long.65.morning@icloud.com",1736358928
"30","long.65.morning@icloud.com",1736454540
"31","long.65.morning@icloud.com",1736550101
"32","long.65.morning@icloud.com",1736646618
"33","long.65.morning@icloud.com",1736741646
"34","long.65.morning@icloud.com",1736837304
"35","long.65.morning@icloud.com",1736933515
"36","long.65.morning@icloud.com",1737028534
"37","long.65.morning@icloud.com",1737124525
"38","long.65.morning@icloud.com",1737220517
"39","long.65.morning@icloud.com",1737315712
"40","long.65.morning@icloud.com",1737411787
"41","long.65.morning@icloud.com",1737507508
"42","long.65.morning@icloud.com",1737603210
"43","long.65.morning@icloud.com",1737698278
"44","long.65.morning@icloud.com",1737793559
"45","long.65.morning@icloud.com",1737889228
"46","long.65.morning@icloud.com",1737985499
"47","long.65.morning@icloud.com",1738081112
"48","long.65.morning@icloud.com",1738176683
"49","long.65.morning@icloud.com",1738272790
"50","long.65.morning@icloud.com",1738367910
"51","busybusy@yahoo.com",1735767945
"52","busybusy@yahoo.com",1735846843
"53","busybusy@yahoo.com",1735925503
"54","busybusy@yahoo.com",1736004212
"55","busybusy@yahoo.com",1736083403
"56","busybusy@yahoo.com",1736162163
"57","busybusy@yahoo.com",1736240788
"58","busybusy@yahoo.com",1736319562
"59","busybusy@yahoo.com",1736398355
"60","busybusy@yahoo.com",1736476970
"61","busybusy@yahoo.com",1736556243
"62","busybusy@yahoo.com",1736634713
"63","busybusy@yahoo.com",1736713924
"64","busybusy@yahoo.com",1736792096
"65","busybusy@yahoo.com",1736871206
"66","busybusy@yahoo.com",1736950185
"67","busybusy@yahoo.com",1737028589
"68","busybusy@yahoo.com",1737107392
"69","busybusy@yahoo.com",1737185882
"70","busybusy@yahoo.com",1737264647
"71","busybusy@yahoo.com",1737344100
"72","busybusy@yahoo.com",1737423122
"73","busybusy@yahoo.com",1737501613
"74","busybusy@yahoo.com",1737579897
"75","busybusy@yahoo.com",1737659223
"76","busybusy@yahoo.com",1737738175
"77","busybusy@yahoo.com",1737816331
"78","busybusy@yahoo.com",1737895806
"79","busybusy@yahoo.com",1737974108
"80","busybusy@yahoo.com",1738052591
"81","busybusy@yahoo.com",1738131681
"82","busybusy@yahoo.com",1738210314
"83","busybusy@yahoo.com",1738289092
"84","busybusy@yahoo.com",1738368238
"85","brownsheep@flock.com",1736582185
"86","brownsheep@flock.com",1737475410
"87","brownsheep@flock.com",1738368361
"88","thomasold@gmail.com",1735857096
"89","thomasold@gmail.com",1736024624
"90","thomasold@gmail.com",1736192300
"91","thomasold@gmail.com",1736359371
"92","thomasold@gmail.com",1736526408
"93","thomasold@gmail.com",1736694188
"94","thomasold@gmail.com",1736861434
"95","thomasold@gmail.com",1737029107
"96","thomasold@gmail.com",1737195720
"97","thomasold@gmail.com",1737363522
"98","thomasold@gmail.com",1737530806
"99","thomasold@gmail.com",1737698367
"100","thomasold@gmail.com",1737866087
"101","thomasold@gmail.com",1738033157
"102","thomasold@gmail.com",1738200736
"103","thomasold@gmail.com",1738367735
"104","abneyallseeing@outlook.com",1735810941
"105","abneyallseeing@outlook.com",1735932849
"106","abneyallseeing@outlook.com",1736054436
"107","abneyallseeing@outlook.com",1736176356
"108","abneyallseeing@outlook.com",1736298100
"109","abneyallseeing@outlook.com",1736420253
"110","abneyallseeing@outlook.com",1736541787
"111","abneyallseeing@outlook.com",1736663423
"112","abneyallseeing@outlook.com",1736785035
"113","abneyallseeing@outlook.com",1736907048
"114","abneyallseeing@outlook.com",1737028828
"115","abneyallseeing@outlook.com",1737150416
"116","abneyallseeing@outlook.com",1737272723
"117","abneyallseeing@outlook.com",1737393920
"118","abneyallseeing@outlook.com",1737516157
"119","abneyallseeing@outlook.com",1737637061
"120","abneyallseeing@outlook.com",1737758956
"121","abneyallseeing@outlook.com",1737881220
"122","abneyallseeing@outlook.com",1738002975
"123","abneyallseeing@outlook.com",1738124869
"124","abneyallseeing@outlook.com",1738245853
"125","abneyallseeing@outlook.com",1738367519
"126","junk@icloud.com",1735753376
"127","junk@icloud.com",1735816844
"128","junk@icloud.com",1735881379
"129","junk@icloud.com",1735944442
"130","junk@icloud.com",1736008180
"131","junk@icloud.com",1736072672
"132","junk@icloud.com",1736135683
"133","junk@icloud.com",1736199564
"134","junk@icloud.com",1736263984
"135","junk@icloud.com",1736326873
"136","junk@icloud.com",1736391198
"137","junk@icloud.com",1736455332
"138","junk@icloud.com",1736518142
"139","junk@icloud.com",1736582134
"140","junk@icloud.com",1736646216
"141","junk@icloud.com",1736709902
"142","junk@icloud.com",1736773494
"143","junk@icloud.com",1736837616
"144","junk@icloud.com",1736900906
"145","junk@icloud.com",1736964642
"146","junk@icloud.com",1737028834
"147","junk@icloud.com",1737092588
"148","junk@icloud.com",1737156614
"149","junk@icloud.com",1737219750
"150","junk@icloud.com",1737283500
"151","junk@icloud.com",1737348055
"152","junk@icloud.com",1737411279
"153","junk@icloud.com",1737475372
"154","junk@icloud.com",1737539340
"155","junk@icloud.com",1737602326
"156","junk@icloud.com",1737666673
"157","junk@icloud.com",1737729962
"158","junk@icloud.com",1737793932
"159","junk@icloud.com",1737857735
"160","junk@icloud.com",1737921416
"161","junk@icloud.com",1737985769
"162","junk@icloud.com",1738049460
"163","junk@icloud.com",1738112776
"164","junk@icloud.com",1738176938
"165","junk@icloud.com",1738240022
"166","junk@icloud.com",1738304555
"167","junk@icloud.com",1738367681
"168","myotheraddress@gmail.com",1735741208
"169","myotheraddress@gmail.com",1735792495
"170","myotheraddress@gmail.com",1735844302
"171","myotheraddress@gmail.com",1735896122
"172","myotheraddress@gmail.com",1735946945
"173","myotheraddress@gmail.com",1735998346
"174","myotheraddress@gmail.com",1736049847
"175","myotheraddress@gmail.com",1736101726
"176","myotheraddress@gmail.com",1736153176
"177","myotheraddress@gmail.com",1736204492
"178","myotheraddress@gmail.com",1736256404
"179","myotheraddress@gmail.com",1736307475
"180","myotheraddress@gmail.com",1736358853
"181","myotheraddress@gmail.com",1736411076
"182","myotheraddress@gmail.com",1736462348
"183","myotheraddress@gmail.com",1736513415
"184","myotheraddress@gmail.com",1736565271
"185","myotheraddress@gmail.com",1736616955
"186","myotheraddress@gmail.com",1736667843
"187","myotheraddress@gmail.com",1736720185
"188","myotheraddress@gmail.com",1736771623
"189","myotheraddress@gmail.com",1736823243
"190","myotheraddress@gmail.com",1736873967
"191","myotheraddress@gmail.com",1736926087
"192","myotheraddress@gmail.com",1736977609
"193","myotheraddress@gmail.com",1737028459
"194","myotheraddress@gmail.com",1737080442
"195","myotheraddress@gmail.com",1737131304
"196","myotheraddress@gmail.com",1737183653
"197","myotheraddress@gmail.com",1737234350
"198","myotheraddress@gmail.com",1737286641
"199","myotheraddress@gmail.com",1737337828
"200","myotheraddress@gmail.com",1737388935
"201","myotheraddress@gmail.com",1737440551
"202","myotheraddress@gmail.com",1737492426
"203","myotheraddress@gmail.com",1737543753
"204","myotheraddress@gmail.com",1737595093
"205","myotheraddress@gmail.com",1737647303
"206","myotheraddress@gmail.com",1737698648
"207","myotheraddress@gmail.com",1737750040
"208","myotheraddress@gmail.com",1737801733
"209","myotheraddress@gmail.com",1737853035
"210","myotheraddress@gmail.com",1737904645
"211","myotheraddress@gmail.com",1737955927
"212","myotheraddress@gmail.com",1738007127
"213","myotheraddress@gmail.com",1738058482
"214","myotheraddress@gmail.com",1738110197
"215","myotheraddress@gmail.com",1738161839
"216","myotheraddress@gmail.com",1738213767
"217","myotheraddress@gmail.com",1738265163
"218","myotheraddress@gmail.com",1738316853
"219","myotheraddress@gmail.com",1738367778
"220","mayfield_all@gmail.com",1735782170
"221","mayfield_all@gmail.com",1735874205
"222","mayfield_all@gmail.com",1735966891
"223","mayfield_all@gmail.com",1736059261
"224","mayfield_all@gmail.com",1736151115
"225","mayfield_all@gmail.com",1736244107
"226","mayfield_all@gmail.com",1736336227
"227","mayfield_all@gmail.com",1736428363
"228","mayfield_all@gmail.com",1736520337
"229","mayfield_all@gmail.com",1736613235
"230","mayfield_all@gmail.com",1736705585
"231","mayfield_all@gmail.com",1736798138
"232","mayfield_all@gmail.com",1736889900
"233","mayfield_all@gmail.com",1736982582
"234","mayfield_all@gmail.com",1737074653
"235","mayfield_all@gmail.com",1737167698
"236","mayfield_all@gmail.com",1737259778
"237","mayfield_all@gmail.com",1737352402
"238","mayfield_all@gmail.com",1737444868
"239","mayfield_all@gmail.com",1737536486
"240","mayfield_all@gmail.com",1737628792
"241","mayfield_all@gmail.com",1737721667
"242","mayfield_all@gmail.com",1737813876
"243","mayfield_all@gmail.com",1737905866
"244","mayfield_all@gmail.com",1737998780
"245","mayfield_all@gmail.com",1738090752
"246","mayfield_all@gmail.com",1738183334
"247","mayfield_all@gmail.com",1738275203
"248","mayfield_all@gmail.com",1738368265